pts_gid,pts_x
10.0,0.5
11.0,0.55
12.0,0.6
13.0,0.65
14.0,0.7
15.0,0.75
16.0,0.8
17.0,0.8500000000000001
18.0,0.9
19.0,0.95
20.0,1.0
21.0,1.05
22.0,1.1
23.0,1.15
24.0,1.2000000000000002
25.0,1.25
26.0,1.3
27.0,1.35
28.0,1.4
29.0,1.4500000000000002
30.0,1.5
