pts_gid,pts_x
0.0,0.0
1.0,0.05
2.0,0.1
3.0,0.15000000000000002
4.0,0.2
5.0,0.25
6.0,0.30000000000000004
7.0,0.35000000000000003
8.0,0.4
9.0,0.45
10.0,0.5
